,continent,year,population,Co2_pp,Total Co2_1000_tonnes
0,Africa,1884,4330000,0.00496,22
1,Africa,1885,4380000,0.00818,37
2,Africa,1886,4430000,0.0105,48
3,Africa,1887,4470000,0.0104,48
4,Africa,1888,4520000,0.0174,81
5,Africa,1889,4570000,0.0281,132
6,Africa,1890,4620000,0.0626,297
7,Africa,1891,4670000,0.0619,297
8,Africa,1892,4720000,0.0989,480
9,Africa,1893,4770000,0.367,1800
10,Africa,1894,4820000,0.49,2430
11,Africa,1895,4880000,0.665,3340
12,Africa,1896,4930000,0.838,4260
13,Africa,1897,4980000,0.93,4780
14,Africa,1898,5030000,1.16,6050
15,Africa,1899,5100000,1.05,5520
16,Africa,1900,9880000,0.437,2330
17,Africa,1901,10030000,0.722,3910
18,Africa,1902,10180000,1.06,5830
19,Africa,1903,11510000,1.4889999999999999,7904
20,Africa,1904,11710000,1.663,8923
21,Africa,1905,11900000,1.928,10235
22,Africa,1906,6920000,2.15,11753
23,Africa,1907,7030000,2.327,12979
24,Africa,1908,7150000,2.448,13396
25,Africa,1909,7270000,2.7350000000000003,15411
26,Africa,1910,7390000,3.0170000000000003,17433
27,Africa,1911,19020000,2.93399,16924
28,Africa,1912,19250000,3.05048,18005
29,Africa,1913,19570000,3.28654,19623
30,Africa,1914,19790000,3.3637,19551
31,Africa,1915,41820000,3.4087,19596
32,Africa,1916,50330000,3.9737199999999997,23241
33,Africa,1917,50800000,4.2644899999999994,25402
34,Africa,1918,51290000,3.99213,24703
35,Africa,1919,49640000,4.05691,25507
36,Africa,1920,52490000,4.42823,28084
37,Africa,1921,53220000,4.317060000000001,27971
38,Africa,1922,53980000,3.65428,23902
39,Africa,1923,54760000,4.31978,28947
40,Africa,1924,55550000,4.4585,30441
41,Africa,1925,53980000,4.67355,32062
42,Africa,1926,54750000,5.051290000000001,34268
43,Africa,1927,59740000,4.92008,33649
44,Africa,1928,66860000,5.12287,34471
45,Africa,1929,67910000,5.06314,35530
46,Africa,1930,68850000,4.61057,33284
47,Africa,1931,69930000,3.6938999999999997,29256
48,Africa,1932,73820000,3.2002,26617
49,Africa,1933,77980000,3.4012800000000003,28557
50,Africa,1934,79210000,3.90721,32556
51,Africa,1935,80430000,4.21872,35922
52,Africa,1936,78580000,4.43111,39029
53,Africa,1937,79860000,4.94071,41736
54,Africa,1938,81180000,5.0457,43897
55,Africa,1939,83211000,5.2683,46815
56,Africa,1940,84638000,5.5628,49662
57,Africa,1941,103657000,5.93532,54011
58,Africa,1942,105407000,6.3760900000000005,58761
59,Africa,1943,106948000,6.52107,59943
60,Africa,1944,91179000,6.9538,66506
61,Africa,1945,95780000,6.79061,67400
62,Africa,1946,93920000,6.66761,67926
63,Africa,1947,99600000,6.44075,67687
64,Africa,1948,118920000,6.71528,71484
65,Africa,1949,121110000,7.15032,76884
66,Africa,1950,169274300,8.42275,86224
67,Africa,1951,173031300,8.82642,91843
68,Africa,1952,176877400,9.17486,99619
69,Africa,1953,180911400,9.080359999999999,100813
70,Africa,1954,185076300,9.3718,104894
71,Africa,1955,189169300,10.0485,114690
72,Africa,1956,193646300,10.2413,119342
73,Africa,1957,198093300,10.7402,125292
74,Africa,1958,214691400,11.22701,134782
75,Africa,1959,246968500,14.49174,144433
76,Africa,1960,252801900,15.28196,153445
77,Africa,1961,259072000,15.1725,158558
78,Africa,1962,265347600,15.009599999999999,163529
79,Africa,1963,271883000,15.6609,173241
80,Africa,1964,278843000,16.4934,190855
81,Africa,1965,285872800,17.9768,209293
82,Africa,1966,293106900,19.3927,216481
83,Africa,1967,300610100,28.3966,232789
84,Africa,1968,308478500,36.6524,251334
85,Africa,1969,316572200,38.5747,271158
86,Africa,1970,324880000,39.4287,296661
87,Africa,1971,333324900,36.505,325521
88,Africa,1972,342620900,34.6942,345008
89,Africa,1973,351695900,38.893,369625
90,Africa,1974,361406800,36.7227,379850
91,Africa,1975,371544900,36.7554,378295
92,Africa,1976,382239300,40.3959,411114
93,Africa,1977,393188500,42.0235,424606
94,Africa,1978,404319700,45.239,453291
95,Africa,1979,416299700,46.9256,488910
96,Africa,1980,428257500,46.9997,525188
97,Africa,1981,440803100,45.7867,539458
98,Africa,1982,454012400,44.9595,561331
99,Africa,1983,467448900,44.012,584189
100,Africa,1984,480376300,44.705,638893
101,Africa,1985,494091800,45.8472,653118
102,Africa,1986,508201300,44.3933,679398
103,Africa,1987,522700900,44.7555,676886
104,Africa,1988,537403600,45.5758,709945
105,Africa,1989,551989300,47.0527,683058
106,Africa,1990,568677100,42.7598,645131
107,Africa,1991,584845800,45.07885,675807
108,Africa,1992,599527400,43.4171,659209
109,Africa,1993,615197000,44.756,698709
110,Africa,1994,630652800,45.1987,710001
111,Africa,1995,646273700,46.549800000000005,760116
112,Africa,1996,662823500,46.4469,768777
113,Africa,1997,679994500,47.8241,798997
114,Africa,1998,696258700,49.5504,825956
115,Africa,1999,713230800,50.086200000000005,817892
116,Africa,2000,730366100,51.5839,878030
117,Africa,2001,747655300,58.2324,871051
118,Africa,2002,766947400,59.171,877488
119,Africa,2003,785213600,62.1913,955108
120,Africa,2004,805084700,64.4837,1017944
121,Africa,2005,824379900,64.8913,1036205
122,Africa,2006,845109100,66.0327,1075567
123,Africa,2007,866424300,64.3443,1117668
124,Africa,2008,888700600,64.4602,1167663
125,Africa,2009,911808000,62.5946,1180250
126,Africa,2010,934800400,63.0927,1202809
127,Africa,2011,957604800,60.2919,1232035
128,Africa,2012,982668300,60.9497,1237964
129,Africa,2013,1008371700,60.7568,1252975
130,Africa,2014,1033645000,64.8031,1339225
131,Africa,2015,1060502200,61.6005,1310098
132,Africa,2016,1088230000,61.8063,1336326
133,Africa,2017,1115017000,63.0118,1350528
134,Africa,2018,1143221000,63.1215,1381190
135,Asia,1830,4742000,0.0013800000000000002,2
136,Asia,1831,4786000,0.00165,3
137,Asia,1832,4830000,0.00108,1
138,Asia,1833,4874000,0.00135,2
139,Asia,1850,6307000,0.00757,14
140,Asia,1855,6597000,0.02192,43
141,Asia,1858,248768000,0.03178,496
142,Asia,1859,249829000,0.03433,767
143,Asia,1860,249890000,0.04413,795
144,Asia,1861,250951000,0.05421,658
145,Asia,1862,252012000,0.04891,706
146,Asia,1863,253073000,0.05091,776
147,Asia,1864,254144000,0.05603,752
148,Asia,1865,265795000,0.06612,885
149,Asia,1866,266867000,0.17954,1258
150,Asia,1867,18928000,0.20019,619
151,Asia,1868,53389000,0.16431,513
152,Asia,1869,53561000,0.22354,728
153,Asia,1870,53922000,0.22932999999999998,656
154,Asia,1871,54195000,0.30594,873
155,Asia,1872,54567000,0.31485,945
156,Asia,1873,54818000,0.29385,903
157,Asia,1874,55291000,0.366,1603
158,Asia,1875,55663000,0.4444,2665
159,Asia,1876,56036000,0.5225,2759
160,Asia,1877,56397000,0.5383,2844
161,Asia,1878,310770000,0.68962,5581
162,Asia,1879,312243000,0.69471,5787
163,Asia,1880,313616000,0.79742,6309
164,Asia,1881,315089000,0.83248,6456
165,Asia,1882,317562000,0.86636,7013
166,Asia,1883,320045000,0.9719,7748
167,Asia,1884,322419000,0.9862000000000001,8355
168,Asia,1885,324992000,1.0656999999999999,8677
169,Asia,1886,327466000,1.0851,9272
170,Asia,1887,330939000,1.1613,10725
171,Asia,1888,333423000,1.2169,11918
172,Asia,1889,369297000,1.32831,14019
173,Asia,1890,371271000,1.47763,15337
174,Asia,1891,373165000,1.62864,17455
175,Asia,1892,386240000,1.7193,18526
176,Asia,1893,387214000,2.0114,20689
177,Asia,1894,389399000,2.0528,22992
178,Asia,1895,390383000,2.3144,26588
179,Asia,1896,391468000,2.371,28363
180,Asia,1897,393442000,2.6815,30886
181,Asia,1898,394538000,3.0447,36851
182,Asia,1899,790823000,3.4337400000000002,39161
183,Asia,1900,399209000,3.8385,44592
184,Asia,1901,401794000,4.0032,50975
185,Asia,1902,814690000,3.87113,53236
186,Asia,1903,820566000,3.8526100000000003,57778
187,Asia,1904,815161000,4.27209,64904
188,Asia,1905,832746000,3.92487,66248
189,Asia,1906,838844000,4.42004,88528
190,Asia,1907,851391000,4.86558,95316
191,Asia,1908,857598000,4.92801,107513
192,Asia,1909,863816000,5.1208,106712
193,Asia,1910,869553000,5.02942,105226
194,Asia,1911,875981000,5.28588,121891
195,Asia,1912,882199000,5.78575,113575
196,Asia,1913,887136000,6.2923800000000005,125110
197,Asia,1914,892874000,5.89437,132191
198,Asia,1915,899922000,5.40471,128188
199,Asia,1916,905780000,5.76149,137932
200,Asia,1917,910628000,5.6554400000000005,150281
201,Asia,1918,916606000,3.59454,153608
202,Asia,1919,923804000,3.6569599999999998,169750
203,Asia,1920,930313000,3.5755,160228
204,Asia,1921,937031000,3.69086,156860
205,Asia,1922,943960000,4.19906,164943
206,Asia,1923,949878000,4.6679,180985
207,Asia,1924,960707000,5.26956,195616
208,Asia,1925,967875000,5.29319,197299
209,Asia,1926,974124000,6.1209299999999995,198364
210,Asia,1927,981493000,7.03691,218139
211,Asia,1928,988752000,7.56158,225265
212,Asia,1929,996111000,7.84235,235892
213,Asia,1930,1005179500,9.1628,236790
214,Asia,1931,1030384300,9.811110000000001,228306
215,Asia,1932,1041207200,10.63847,228544
216,Asia,1933,1051443300,11.93533,251520
217,Asia,1934,1061662300,16.39885,285486
218,Asia,1935,1076562500,21.28288,310030
219,Asia,1936,1087824600,36.34963,340202
220,Asia,1937,1099156800,51.34161,360965
221,Asia,1938,1109411000,53.88944,372198
222,Asia,1939,1119995100,112.29189000000001,391033
223,Asia,1940,1128819000,118.54906000000001,441350
224,Asia,1941,1135764800,89.84531,445760
225,Asia,1942,1109930400,67.4712,418961
226,Asia,1943,1130244800,85.72881,422373
227,Asia,1944,1132352200,100.43852,413557
228,Asia,1945,1162771600,68.73617,323076
229,Asia,1946,1217865000,95.80806,310156
230,Asia,1947,1241505400,235.46622,370331
231,Asia,1948,1248336900,71.87127000000001,365772
232,Asia,1949,1257535400,335.63535,452118
233,Asia,1950,1293492600,63.53703,380920
234,Asia,1951,1318497200,58.21034,441188
235,Asia,1952,1345475900,51.669720000000005,487218
236,Asia,1953,1374187000,55.20357,521983
237,Asia,1954,1405172300,72.5946,571808
238,Asia,1955,1469998000,73.90392,655567
239,Asia,1956,1502999900,70.18643,729363
240,Asia,1957,1538859300,70.83171,830344
241,Asia,1958,1573855900,79.00119000000001,1124569
242,Asia,1959,1612042000,78.36114,1338864
243,Asia,1960,1637383700,88.49908,1483036
244,Asia,1961,1661628700,99.72996,1334570
245,Asia,1962,1696164900,111.34614,1281457
246,Asia,1963,1740298300,209.23273999999998,1357074
247,Asia,1964,1787624500,221.9683,1432973
248,Asia,1965,1832023800,230.6652,1572363
249,Asia,1966,1876948100,216.9726,1713612
250,Asia,1967,1921408500,199.0643,1734437
251,Asia,1968,1967325000,194.7297,1921454
252,Asia,1969,2016247000,197.6877,2167253
253,Asia,1970,2067327000,265.9274,2567176
254,Asia,1971,2115927000,276.1538,2811055
255,Asia,1972,2165017000,297.8793,2967813
256,Asia,1973,2214685000,311.6092,3184798
257,Asia,1974,2262069000,270.43351,3240526
258,Asia,1975,2308912000,260.94262,3399526
259,Asia,1976,2354721000,256.49953999999997,3608360
260,Asia,1977,2401167000,252.5467,3850982
261,Asia,1978,2444889000,270.91946,4008233
262,Asia,1979,2491914000,274.05733,4184233
263,Asia,1980,2541248000,258.3824,4171294
264,Asia,1981,2593545000,218.8629,4148809
265,Asia,1982,1633762000,212.1199,4298511
266,Asia,1983,1673208000,206.1325,4476830
267,Asia,1984,1710196000,205.38670000000002,4727853
268,Asia,1985,1749697000,212.2713,5013763
269,Asia,1986,1789878000,217.2019,5219007
270,Asia,1987,1827900000,210.6761,5443061
271,Asia,1988,1870241000,226.64770000000001,5874403
272,Asia,1989,1909393000,232.47639999999998,6077682
273,Asia,1990,1948574000,222.8156,6273847
274,Asia,1991,1988741000,221.2433,6583640
275,Asia,1992,2028877000,244.67780000000002,6854207
276,Asia,1993,2068292000,268.5818,7186351
277,Asia,1994,2106919000,273.4249,7521770
278,Asia,1995,2145463000,266.221,7846795
279,Asia,1996,2184879000,264.858,8184915
280,Asia,1997,1222243000,276.757,8286207
281,Asia,1998,1241864000,257.6735,7987528
282,Asia,1999,1263851000,251.201,8222973
283,Asia,2000,1283071000,262.464,8611663
284,Asia,2001,1304330000,263.488,8777281
285,Asia,2002,1323269000,264.257,9282306
286,Asia,2003,1344203000,265.283,10134097
287,Asia,2004,1363273000,266.034,11084858
288,Asia,2005,1382098000,272.115,11892879
289,Asia,2006,1402081000,279.2691,12713052
290,Asia,2007,1421386000,282.2618,13399423
291,Asia,2008,1440542000,285.549,14232924
292,Asia,2009,1460987000,276.377,14821992
293,Asia,2010,1480514000,281.12399999999997,15830510
294,Asia,2011,1502229000,283.443,17035514
295,Asia,2012,1521646000,297.233,17689863
296,Asia,2013,1541642000,285.04,17790514
297,Asia,2014,1560310000,288.13800000000003,18096797
298,Asia,2015,1580770000,280.372,18274654
299,Asia,2016,1600910000,273.973,18472480
300,Asia,2017,1617868000,275.404,18857830
301,Asia,2018,1636746000,276.397,19470220
302,Australia and Oceania,1851,663000,0.0,0
303,Australia and Oceania,1852,712000,0.0,0
304,Australia and Oceania,1853,770000,0.0,0
305,Australia and Oceania,1854,832000,0.0,0
306,Australia and Oceania,1855,900000,0.0,0
307,Australia and Oceania,1856,973000,0.0,0
308,Australia and Oceania,1857,1050000,0.0,0
309,Australia and Oceania,1858,1140000,0.0,0
310,Australia and Oceania,1859,1220000,0.0,0
311,Australia and Oceania,1860,1290000,0.216,279
312,Australia and Oceania,1861,1350000,0.377,510
313,Australia and Oceania,1862,1400000,0.254,356
314,Australia and Oceania,1863,1440000,0.277,400
315,Australia and Oceania,1864,1490000,0.18,268
316,Australia and Oceania,1865,1530000,0.276,422
317,Australia and Oceania,1866,1580000,0.442,697
318,Australia and Oceania,1867,1620000,0.552,895
319,Australia and Oceania,1868,1670000,0.439,733
320,Australia and Oceania,1869,1720000,0.374,642
321,Australia and Oceania,1870,1760000,0.342,601
322,Australia and Oceania,1871,1800000,0.384,693
323,Australia and Oceania,1872,1840000,0.384,708
324,Australia and Oceania,1873,1880000,0.461,869
325,Australia and Oceania,1874,1920000,0.463,891
326,Australia and Oceania,1875,1960000,0.422,829
327,Australia and Oceania,1876,2010000,0.464,931
328,Australia and Oceania,1877,2050000,0.521,1070
329,Australia and Oceania,1878,2554000,1.23,1324
330,Australia and Oceania,1879,2628000,1.719,1966
331,Australia and Oceania,1880,2710000,2.29,2866
332,Australia and Oceania,1881,2799000,2.17,2507
333,Australia and Oceania,1882,2886000,2.38,2839
334,Australia and Oceania,1883,2979000,2.66,3358
335,Australia and Oceania,1884,3083000,2.88,3630
336,Australia and Oceania,1885,3188000,3.04,4040
337,Australia and Oceania,1886,3292000,3.04,4070
338,Australia and Oceania,1887,3397000,3.0999999999999996,4280
339,Australia and Oceania,1888,3513000,3.39,4890
340,Australia and Oceania,1889,3618000,3.1899999999999995,4740
341,Australia and Oceania,1890,3712000,3.3099999999999996,4970
342,Australia and Oceania,1891,3807000,3.49,5500
343,Australia and Oceania,1892,3890000,3.4800000000000004,5650
344,Australia and Oceania,1893,3954000,3.42,5510
345,Australia and Oceania,1894,4028000,3.5700000000000003,5970
346,Australia and Oceania,1895,4112000,3.58,6210
347,Australia and Oceania,1896,4186000,3.69,6280
348,Australia and Oceania,1897,4260000,3.89,6860
349,Australia and Oceania,1898,4345000,4.1899999999999995,7640
350,Australia and Oceania,1899,4421000,4.35,7970
351,Australia and Oceania,1900,4499000,5.779999999999999,12640
352,Australia and Oceania,1901,4588000,6.369999999999999,14140
353,Australia and Oceania,1902,4669000,6.58,14440
354,Australia and Oceania,1903,4741000,6.55,14370
355,Australia and Oceania,1904,4834000,6.79,15040
356,Australia and Oceania,1905,4917000,6.890000000000001,15640
357,Australia and Oceania,1906,5001000,7.65,18270
358,Australia and Oceania,1907,5086000,8.0,19590
359,Australia and Oceania,1908,5181000,8.21,20950
360,Australia and Oceania,1909,5260000,7.63,18870
361,Australia and Oceania,1910,5370000,8.77,22410
362,Australia and Oceania,1911,5470000,8.73,23910
363,Australia and Oceania,1912,5570000,9.149999999999999,25670
364,Australia and Oceania,1913,5680000,8.74,26620
365,Australia and Oceania,1914,5800000,9.8,29590
366,Australia and Oceania,1915,5910000,8.92,26740
367,Australia and Oceania,1916,6030000,8.33,24340
368,Australia and Oceania,1917,6150000,8.12,25420
369,Australia and Oceania,1918,6270000,8.34,27550
370,Australia and Oceania,1919,6390000,7.609999999999999,25930
371,Australia and Oceania,1920,6510000,7.76,29360
372,Australia and Oceania,1921,6640000,7.09,26700
373,Australia and Oceania,1922,6770000,7.220000000000001,27960
374,Australia and Oceania,1923,6900000,7.390000000000001,28740
375,Australia and Oceania,1924,7020000,7.76,31090
376,Australia and Oceania,1925,7160000,7.890000000000001,32390
377,Australia and Oceania,1926,7290000,7.82,32180
378,Australia and Oceania,1927,7430000,8.0,33400
379,Australia and Oceania,1928,7580000,7.58,31020
380,Australia and Oceania,1929,7700000,7.15,28600
381,Australia and Oceania,1930,7810000,6.77,26870
382,Australia and Oceania,1931,7910000,5.88,23840
383,Australia and Oceania,1932,8000000,5.48,23940
384,Australia and Oceania,1933,8070000,5.619999999999999,25150
385,Australia and Oceania,1934,8140000,6.03,26690
386,Australia and Oceania,1935,8210000,6.47,29450
387,Australia and Oceania,1936,8270000,6.7,31280
388,Australia and Oceania,1937,8350000,7.039999999999999,33290
389,Australia and Oceania,1938,8420000,6.7700000000000005,32350
390,Australia and Oceania,1939,8510000,7.43,36670
391,Australia and Oceania,1940,8610000,7.08,33860
392,Australia and Oceania,1941,8720000,7.92,39610
393,Australia and Oceania,1942,8840000,8.14,41600
394,Australia and Oceania,1943,8990000,7.959999999999999,40380
395,Australia and Oceania,1944,9140000,7.79,39670
396,Australia and Oceania,1945,9280000,7.55,38330
397,Australia and Oceania,1946,9430000,7.74,41040
398,Australia and Oceania,1947,9580000,7.91,43460
399,Australia and Oceania,1948,9740000,7.87,44010
400,Australia and Oceania,1949,9910000,7.7,43310
401,Australia and Oceania,1950,12075800,11.8462,63567
402,Australia and Oceania,1951,12394200,11.9094,67485
403,Australia and Oceania,1952,12812700,12.5152,69890
404,Australia and Oceania,1953,13106500,11.8019,68342
405,Australia and Oceania,1954,13390200,12.7442,77255
406,Australia and Oceania,1955,13697000,13.0535,80429
407,Australia and Oceania,1956,14033900,13.2117,83131
408,Australia and Oceania,1957,14362800,13.317400000000001,85245
409,Australia and Oceania,1958,14693600,13.2773,88252
410,Australia and Oceania,1959,15064500,13.7509,94492
411,Australia and Oceania,1960,15385400,14.451,100111
412,Australia and Oceania,1961,15756700,14.6538,102822
413,Australia and Oceania,1962,16147300,15.3626,106624
414,Australia and Oceania,1963,16472600,16.145,113798
415,Australia and Oceania,1964,16800100,17.751,122928
416,Australia and Oceania,1965,17215800,18.221,135474
417,Australia and Oceania,1966,17532100,18.224,134815
418,Australia and Oceania,1967,17857000,18.976,143572
419,Australia and Oceania,1968,18168700,18.993,149574
420,Australia and Oceania,1969,18570600,18.923000000000002,157421
421,Australia and Oceania,1970,18984900,19.452,163570
422,Australia and Oceania,1971,19516200,20.253999999999998,169666
423,Australia and Oceania,1972,19948600,20.931,175251
424,Australia and Oceania,1973,20290900,22.561,191401
425,Australia and Oceania,1974,20631800,22.654,193277
426,Australia and Oceania,1975,20975200,22.513,196692
427,Australia and Oceania,1976,21199200,21.982,195569
428,Australia and Oceania,1977,21494700,23.68,210909
429,Australia and Oceania,1978,21781700,23.924999999999997,222676
430,Australia and Oceania,1979,21969300,23.877,224470
431,Australia and Oceania,1980,22269500,24.971999999999998,241456
432,Australia and Oceania,1981,22578700,25.683,249977
433,Australia and Oceania,1982,23007900,25.625,255442
434,Australia and Oceania,1983,23328100,24.547,246102
435,Australia and Oceania,1984,23658300,25.16,259410
436,Australia and Oceania,1985,23987800,26.466,266058
437,Australia and Oceania,1986,24297400,25.894,266052
438,Australia and Oceania,1987,24725300,26.836000000000002,283412
439,Australia and Oceania,1988,25049600,27.569,289680
440,Australia and Oceania,1989,25464800,28.258000000000003,306602
441,Australia and Oceania,1990,25856800,28.142,307882
442,Australia and Oceania,1991,26388600,28.093,309370
443,Australia and Oceania,1992,26807200,28.450999999999997,316442
444,Australia and Oceania,1993,27115600,28.348,320062
445,Australia and Oceania,1994,27546000,28.391000000000002,325255
446,Australia and Oceania,1995,27984500,28.851,337265
447,Australia and Oceania,1996,28437800,29.32,345762
448,Australia and Oceania,1997,28885300,30.301,356146
449,Australia and Oceania,1998,29321800,30.225,368995
450,Australia and Oceania,1999,29750300,31.055,379239
451,Australia and Oceania,2000,30200800,31.379,386313
452,Australia and Oceania,2001,30647500,32.166000000000004,397270
453,Australia and Oceania,2002,31226400,32.232,402602
454,Australia and Oceania,2003,31721300,33.182,411950
455,Australia and Oceania,2004,32210200,33.574,426358
456,Australia and Oceania,2005,32798200,33.582,430624
457,Australia and Oceania,2006,33384000,33.595000000000006,436582
458,Australia and Oceania,2007,33963000,33.6,445484
459,Australia and Oceania,2008,34650000,33.117,448920
460,Australia and Oceania,2009,35435000,32.176,450344
461,Australia and Oceania,2010,36030000,32.024,448531
462,Australia and Oceania,2011,36717000,31.189,446275
463,Australia and Oceania,2012,37294000,31.072000000000003,449672
464,Australia and Oceania,2013,37979000,30.492,440443
465,Australia and Oceania,2014,38677000,30.778,437830
466,Australia and Oceania,2015,39303000,31.705000000000002,449151
467,Australia and Oceania,2016,40030000,31.495,457516
468,Australia and Oceania,2017,40746000,31.903,463536
469,Australia and Oceania,2018,41482000,31.593999999999998,466567
470,Europe,1800,27000000,0.08940000000000001,1203
471,Europe,1801,27370000,0.07819999999999999,979
472,Europe,1802,60200000,2.1159,9645
473,Europe,1803,28100000,0.0785,997
474,Europe,1804,57870000,0.176,3648
475,Europe,1805,28840000,0.1147,1612
476,Europe,1806,29210000,0.1027,1460
477,Europe,1807,32800000,0.2269,3237
478,Europe,1808,30050000,0.0964,1400
479,Europe,1809,30420000,0.0939,1404
480,Europe,1810,60990000,0.1754,3667
481,Europe,1811,61460000,0.1716,3568
482,Europe,1812,62030000,0.1611,3588
483,Europe,1813,62500000,0.1459,3322
484,Europe,1814,63180000,0.158,3476
485,Europe,1815,63800000,0.18,3960
486,Europe,1816,64200000,0.2502,5568
487,Europe,1817,64800000,0.30219999999999997,6784
488,Europe,1818,65400000,0.3137,6834
489,Europe,1819,69450000,0.3651,6852
490,Europe,1820,69870000,0.3996,7362
491,Europe,1821,70590000,0.4207,7728
492,Europe,1822,71200000,0.4359,8076
493,Europe,1823,71820000,0.4726,8778
494,Europe,1824,72340000,0.469,8430
495,Europe,1825,72950000,0.527,10033
496,Europe,1826,73570000,0.527,9958
497,Europe,1827,74290000,0.605,12237
498,Europe,1828,74900000,0.5960000000000001,12458
499,Europe,1829,76530000,0.55574,11268
500,Europe,1830,115897000,2.27959,19173
501,Europe,1831,116736000,1.7499799999999999,16493
502,Europe,1832,116546000,1.81432,16488
503,Europe,1833,117485000,1.7844099999999998,17772
504,Europe,1834,103150000,1.8412699999999997,19584
505,Europe,1835,102050000,1.9617699999999998,20884
506,Europe,1836,102930000,2.24212,23569
507,Europe,1837,103630000,2.39378,25671
508,Europe,1838,104440000,2.51327,27250
509,Europe,1839,108140000,2.72774,28351
510,Europe,1840,108970000,3.09023,32107
511,Europe,1841,109710000,3.12542,34565
512,Europe,1842,110440000,3.2915,37211
513,Europe,1843,112470000,3.1458,36057
514,Europe,1844,113330000,3.4772000000000003,38712
515,Europe,1845,114000000,3.7989,44079
516,Europe,1846,117860000,5.0377,49361
517,Europe,1847,118570000,5.4748,53891
518,Europe,1848,119430000,5.1571,47706
519,Europe,1849,120240000,5.096,49237
520,Europe,1850,150951000,5.41727,54413
521,Europe,1851,121810000,5.6279,57583
522,Europe,1852,122390000,6.378699999999999,64490
523,Europe,1853,123270000,6.8533,71469
524,Europe,1854,124050000,8.0261,82626
525,Europe,1855,149250000,8.08407,91203
526,Europe,1856,125550000,8.503,96752
527,Europe,1857,134720000,8.7262,100897
528,Europe,1858,163045000,9.2652,106445
529,Europe,1859,164231000,9.14832,104665
530,Europe,1860,200356000,9.87815,113451
531,Europe,1861,201692000,10.67084,124884
532,Europe,1862,203187000,11.227599999999999,134942
533,Europe,1863,204403000,11.08379,140045
534,Europe,1864,205939000,11.2695,151653
535,Europe,1865,207455000,12.21175,164447
536,Europe,1866,208880000,12.39898,169358
537,Europe,1867,213846000,13.35239,181540
538,Europe,1868,215312000,13.6777,190193
539,Europe,1869,216888000,14.14746,198259
540,Europe,1870,222894000,15.311,199205
541,Europe,1871,224540000,16.29341,212934
542,Europe,1872,226186000,17.46516,236539
543,Europe,1873,227863000,18.387620000000002,252838
544,Europe,1874,229609000,16.8946,221610
545,Europe,1875,231185000,18.20886,257175
546,Europe,1876,229151000,19.13733,267323
547,Europe,1877,231018000,18.6047,260288
548,Europe,1878,232554000,19.08527,269893
549,Europe,1879,241351000,20.10945,285181
550,Europe,1880,244267000,24.93891,330692
551,Europe,1881,246134000,22.63116,330968
552,Europe,1882,242811000,23.60729,350768
553,Europe,1883,248788000,25.29722,374477
554,Europe,1884,246485000,25.28518,378637
555,Europe,1885,248531000,25.69169,382968
556,Europe,1886,250368000,25.30885,384699
557,Europe,1887,252525000,26.19723,403650
558,Europe,1888,258773000,27.85821,433104
559,Europe,1889,256440000,29.14876,457323
560,Europe,1890,258307000,30.30627,484228
561,Europe,1891,260454000,31.6725,505710
562,Europe,1892,267082000,31.2086,498019
563,Europe,1893,269359000,31.4176,506990
564,Europe,1894,271277000,33.2429,533514
565,Europe,1895,273594000,34.2441,550276
566,Europe,1896,275642000,35.9597,582230
567,Europe,1897,278070000,37.8707,617670
568,Europe,1898,280297000,39.2571,646423
569,Europe,1899,282655000,41.3531,682874
570,Europe,1900,284993000,43.503,727892
571,Europe,1901,287561000,42.6361,725118
572,Europe,1902,289909000,41.9909,711217
573,Europe,1903,292388000,43.6368,757602
574,Europe,1904,295146000,44.1958,773098
575,Europe,1905,297834000,44.6633,810959
576,Europe,1906,300302000,47.8711,829211
577,Europe,1907,303101000,52.2667,948392
578,Europe,1908,305699000,56.183,982551
579,Europe,1909,307948000,53.957,976078
580,Europe,1910,313987000,56.2779,994494
581,Europe,1911,310896000,56.17,1015518
582,Europe,1912,306335000,60.167,1090258
583,Europe,1913,316273000,65.2038,1173040
584,Europe,1914,316603000,55.13279,1007436
585,Europe,1915,316892000,50.68886,926200
586,Europe,1916,316900000,49.21,971992
587,Europe,1917,317240000,40.3984,957544
588,Europe,1918,317440000,37.9735,892502
589,Europe,1919,318040000,33.5473,692958
590,Europe,1920,319340000,42.1654,869880
591,Europe,1921,320890000,40.8565,898970
592,Europe,1922,319380000,45.5896,929282
593,Europe,1923,322110000,46.9858,835937
594,Europe,1924,328720000,54.660199999999996,1013839
595,Europe,1925,331530000,54.054300000000005,1025225
596,Europe,1926,334350000,54.153,996378
597,Europe,1927,337100000,61.886,1122889
598,Europe,1928,343040000,62.19639,1151458
599,Europe,1929,345790000,69.73599,1263570
600,Europe,1930,348400000,65.5381,1161701
601,Europe,1931,351160000,63.3531,1058429
602,Europe,1932,353530000,57.1227,948731
603,Europe,1933,356830000,58.891709999999996,982580
604,Europe,1934,359170000,62.65643,1066448
605,Europe,1935,361660000,63.987,1121438
606,Europe,1936,364196000,67.6968,1175215
607,Europe,1937,366527000,74.7791,1313189
608,Europe,1938,368820000,71.1281,1327444
609,Europe,1939,371270000,72.6247,1366911
610,Europe,1940,370181000,70.5166,1424312
611,Europe,1941,371793000,67.5294,1391444
612,Europe,1942,373000000,63.4407,1380624
613,Europe,1943,374147000,67.6986,1410058
614,Europe,1944,375279000,56.8895,1210025
615,Europe,1945,376339000,38.20561,569479
616,Europe,1946,376120000,57.4992,938557
617,Europe,1947,376712000,72.1494,1105713
618,Europe,1948,377744000,77.0946,1216444
619,Europe,1949,379496000,79.9842,1346063
620,Europe,1950,382526000,113.44,1425942
621,Europe,1951,385312000,126.052,1593597
622,Europe,1952,388342000,129.78799999999998,1661088
623,Europe,1953,391691000,128.932,1697379
624,Europe,1954,395141000,134.28300000000002,1811695
625,Europe,1955,398732000,147.322,1971059
626,Europe,1956,402340000,155.0,2120722
627,Europe,1957,405910000,159.409,2202784
628,Europe,1958,409787000,157.433,2200736
629,Europe,1959,433113000,187.635,2304575
630,Europe,1960,437277000,198.669,2456826
631,Europe,1961,441307000,202.623,2558100
632,Europe,1962,445894000,211.95,2733702
633,Europe,1963,450051000,223.96,2957116
634,Europe,1964,454064000,235.6,3097311
635,Europe,1965,458408000,240.32,3170435
636,Europe,1966,462404000,246.62,3263779
637,Europe,1967,466298000,249.34,3348323
638,Europe,1968,469828000,264.81,3542361
639,Europe,1969,473449000,277.43,3766264
640,Europe,1970,476359000,295.84,3960954
641,Europe,1971,479502000,300.11,4080890
642,Europe,1972,483149000,310.48,4239910
643,Europe,1973,486495000,326.03000000000003,4468217
644,Europe,1974,489896000,321.62,4458934
645,Europe,1975,492876000,314.68,4408277
646,Europe,1976,495492000,329.97,4736973
647,Europe,1977,498142000,329.29,4711353
648,Europe,1978,500673000,340.57,4884685
649,Europe,1979,502864000,349.07,5030146
650,Europe,1980,505334000,342.09,5012900
651,Europe,1981,507643000,328.06,4792360
652,Europe,1982,509612000,319.18,4711000
653,Europe,1983,511471000,316.0,4686907
654,Europe,1984,513204000,322.53000000000003,4727960
655,Europe,1985,514734000,331.89,4854650
656,Europe,1986,516654000,335.01,4862500
657,Europe,1987,518508000,335.6,4882950
658,Europe,1988,520291000,334.44,4875150
659,Europe,1989,522028000,335.48,4893490
660,Europe,1990,523791000,346.77,4909380
661,Europe,1991,525317000,334.17,4751530
662,Europe,1992,526653000,312.045,4560850
663,Europe,1993,527372000,297.507,4370940
664,Europe,1994,527482000,289.154,4231850
665,Europe,1995,527802000,280.28,4239360
666,Europe,1996,527910000,289.597,4296260
667,Europe,1997,528179000,284.248,4226730
668,Europe,1998,528229000,280.903,4209830
669,Europe,1999,527859000,273.372,4097140
670,Europe,2000,528237000,276.447,4112020
671,Europe,2001,528416000,282.935,4195480
672,Europe,2002,528724000,284.819,4186330
673,Europe,2003,529440000,295.052,4285920
674,Europe,2004,530912000,298.69,4311800
675,Europe,2005,531745000,295.57,4290340
676,Europe,2006,532600000,300.49,4337480
677,Europe,2007,534026000,300.45,4292090
678,Europe,2008,535631000,294.4,4197800
679,Europe,2009,536994000,269.48,3848760
680,Europe,2010,537575000,279.61,3969100
681,Europe,2011,538373000,273.21,3884360
682,Europe,2012,538945000,264.12,3805820
683,Europe,2013,539439000,257.38,3722770
684,Europe,2014,539824000,246.86,3542930
685,Europe,2015,540021000,243.01,3559610
686,Europe,2016,540360000,244.65,3581240
687,Europe,2017,541031000,246.91,3601260
688,Europe,2018,541454000,246.71,3539290
689,North America,1800,500000,0.00733,4
690,North America,1801,512000,0.00716,4
691,North America,1802,525000,0.00698,4
692,North America,1803,538000,0.00681,4
693,North America,1804,551000,0.00665,4
694,North America,1805,565000,0.00649,4
695,North America,1806,579000,0.00633,4
696,North America,1807,594000,0.00618,4
697,North America,1808,608000,0.00603,4
698,North America,1809,623000,0.00588,4
699,North America,1810,639000,0.00574,4
700,North America,1811,655000,0.0056,4
701,North America,1812,671000,0.00546,4
702,North America,1813,688000,0.00533,4
703,North America,1814,705000,0.0052,4
704,North America,1815,722000,0.00508,4
705,North America,1816,740000,0.00495,4
706,North America,1817,759000,0.00483,4
707,North America,1818,777000,0.00472,4
708,North America,1819,799000,0.00459,4
709,North America,1820,822000,0.00446,4
710,North America,1821,849000,0.00432,4
711,North America,1822,878000,0.00418,4
712,North America,1823,910000,0.00403,4
713,North America,1824,943000,0.00389,4
714,North America,1825,978000,0.00375,4
715,North America,1826,1010000,0.00362,4
716,North America,1827,1050000,0.00349,4
717,North America,1828,1090000,0.00337,4
718,North America,1829,1130000,0.00325,4
719,North America,1830,1170000,0.00313,4
720,North America,1831,1220000,0.00302,4
721,North America,1832,1260000,0.00291,4
722,North America,1833,1310000,0.0028,4
723,North America,1834,1360000,0.0027,4
724,North America,1835,1410000,0.0026,4
725,North America,1836,1460000,0.0025,4
726,North America,1837,1520000,0.00241,4
727,North America,1838,1580000,0.00232,4
728,North America,1839,1640000,0.00224,4
729,North America,1840,1700000,0.00216,4
730,North America,1841,1770000,0.00208,4
731,North America,1842,1830000,0.002,4
732,North America,1843,1910000,0.00192,4
733,North America,1844,1980000,0.00185,4
734,North America,1845,2060000,0.00178,4
735,North America,1846,2140000,0.012,26
736,North America,1847,2220000,0.0149,33
737,North America,1848,2310000,0.0175,40
738,North America,1849,2390000,0.0199,48
739,North America,1850,2480000,0.0237,59
740,North America,1851,2560000,0.0272,70
741,North America,1852,2640000,0.0319,84
742,North America,1853,2720000,0.0377,103
743,North America,1854,2810000,0.0445,125
744,North America,1855,2890000,0.052,150
745,North America,1856,2980000,0.0603,180
746,North America,1857,3070000,0.0705,216
747,North America,1858,3160000,0.0835,264
748,North America,1859,3250000,0.0971,315
749,North America,1860,3320000,0.115,381
750,North America,1861,3380000,0.136,458
751,North America,1862,3430000,0.163,561
752,North America,1863,3470000,0.203,704
753,North America,1864,3510000,0.24,843
754,North America,1865,3550000,0.287,1020
755,North America,1866,3590000,0.346,1240
756,North America,1867,3630000,0.44,1600
757,North America,1868,3670000,0.258,946
758,North America,1869,3710000,0.185,686
759,North America,1870,3760000,0.326,1220
760,North America,1871,3810000,0.468,1780
761,North America,1872,3860000,0.478,1850
762,North America,1873,3920000,0.411,1610
763,North America,1874,3980000,0.409,1620
764,North America,1875,4030000,0.465,1880
765,North America,1876,4090000,0.454,1860
766,North America,1877,4150000,0.488,2020
767,North America,1878,4210000,0.46,1940
768,North America,1879,4270000,0.512,2190
769,North America,1880,4330000,1.21,5240
770,North America,1881,4380000,1.28,5600
771,North America,1882,4430000,1.49,6620
772,North America,1883,4480000,1.66,7440
773,North America,1884,4530000,1.9,8610
774,North America,1885,4580000,1.8,8250
775,North America,1886,4640000,1.9,8800
776,North America,1887,4690000,2.17,10200
777,North America,1888,4740000,2.81,13300
778,North America,1889,4790000,2.36,11300
779,North America,1890,4840000,2.57,12400
780,North America,1891,16590000,2.8942,14521
781,North America,1892,16840000,2.8585000000000003,14479
782,North America,1893,16990000,3.0239,15432
783,North America,1894,17240000,2.8538,14739
784,North America,1895,17500000,2.6997,13995
785,North America,1896,17750000,2.8957,15279
786,North America,1897,17900000,2.9036,15489
787,North America,1898,18150000,3.0565,16437
788,North America,1899,18420000,3.6671,19955
789,North America,1900,18710000,3.8848000000000003,21600
790,North America,1901,18930000,4.417000000000001,25210
791,North America,1902,19260000,4.644,27130
792,North America,1903,19520000,4.923,29560
793,North America,1904,19780000,5.673,34820
794,North America,1905,20040000,5.891,37110
795,North America,1906,20410000,6.0649999999999995,39320
796,North America,1907,20680000,7.418,49270
797,North America,1908,21284000,7.391,51170
798,North America,1909,21571000,6.9808,49126
799,North America,1910,21838000,7.859999999999999,55926
800,North America,1911,22004000,9.366,68835
801,North America,1912,22270000,10.365,76138
802,North America,1913,22316000,12.03,91324
803,North America,1914,22472000,10.494,78890
804,North America,1915,22638000,9.768,75834
805,North America,1916,22794000,11.95,94114
806,North America,1917,22960000,13.78,112028
807,North America,1918,23136000,14.99,121070
808,North America,1919,23302000,13.530000000000001,117949
809,North America,1920,23566000,17.23,161569
810,North America,1921,23830000,17.82,171900
811,North America,1922,24192000,15.95,155883
812,North America,1923,24554000,18.03,166410
813,North America,1924,24915000,16.92,146960
814,North America,1925,25277000,16.49,134350
815,North America,1926,25649000,16.53,131460
816,North America,1927,26120000,16.61,126000
817,North America,1928,26662000,18.8915,121234
818,North America,1929,26987000,19.9513,124904
819,North America,1930,27492000,19.2821,118457
820,North America,1931,27899000,15.646799999999999,95784
821,North America,1932,28307000,15.3086,89764
822,North America,1933,28716000,16.9234,90374
823,North America,1934,29124000,19.360200000000003,103684
824,North America,1935,29633000,19.88,105390
825,North America,1936,30043000,21.68,113950
826,North America,1937,30452000,25.490000000000002,125750
827,North America,1938,30963000,26.63,118250
828,North America,1939,31474000,29.2891,127264
829,North America,1940,32185000,32.55,142900
830,North America,1941,39979000,31.210620000000002,152598
831,North America,1942,42134000,32.707699999999996,160795
832,North America,1943,43271000,31.78906,167502
833,North America,1944,44517000,32.20368,172003
834,North America,1945,45755000,31.1889,164732
835,North America,1946,47033000,30.989690000000003,175688
836,North America,1947,50441000,32.62706,185624
837,North America,1948,52819000,33.96796,202453
838,North America,1949,54179000,33.8729,188064
839,North America,1950,65336700,20.2329,195529
840,North America,1951,67024500,21.7503,210502
841,North America,1952,68814500,21.893,210574
842,North America,1953,70545900,21.869500000000002,211333
843,North America,1954,72368200,21.4557,212920
844,North America,1955,74325100,22.3022,224933
845,North America,1956,76305800,23.532700000000002,247205
846,North America,1957,78417500,24.7033,255840
847,North America,1958,80539200,26.4799,264990
848,North America,1959,82702100,26.3347,270077
849,North America,1960,84975500,27.012900000000002,280467
850,North America,1961,87244100,30.470299999999998,285282
851,North America,1962,89652300,37.0427,302218
852,North America,1963,92170600,29.157799999999998,302554
853,North America,1964,94607300,37.456900000000005,344565
854,North America,1965,97243800,41.1914,360554
855,North America,1966,100009300,42.3361,373919
856,North America,1967,102684600,51.930800000000005,408572
857,North America,1968,105349800,58.6815,436647
858,North America,1969,108053700,63.6636,450239
859,North America,1970,110953300,62.9773,504781
860,North America,1971,113982300,86.4927,535123
861,North America,1972,116749900,85.699,573064
862,North America,1973,119678400,94.5517,594903
863,North America,1974,122554700,92.6924,614463
864,North America,1975,125541200,102.19290000000001,637413
865,North America,1976,128547800,92.586,663212
866,North America,1977,131527400,110.586,688377
867,North America,1978,134545100,94.70299999999999,724120
868,North America,1979,137502800,95.799,772326
869,North America,1980,140422700,95.682,800113
870,North America,1981,143102300,68.934,797434
871,North America,1982,145801700,68.41,803150
872,North America,1983,148483600,60.733000000000004,766831
873,North America,1984,151143000,61.282,783103
874,North America,1985,153723000,63.897999999999996,793399
875,North America,1986,156401700,59.909,781208
876,North America,1987,159171400,62.335,824048
877,North America,1988,161947900,61.967999999999996,848666
878,North America,1989,164785800,65.205,913630
879,North America,1990,167935300,64.716,868805
880,North America,1991,171084400,64.816,870692
881,North America,1992,174127700,65.436,885692
882,North America,1993,177200800,64.2,889166
883,North America,1994,180334100,63.5071,923349
884,North America,1995,183428400,64.057,925236
885,North America,1996,186392800,67.768,961640
886,North America,1997,189357200,67.202,1000088
887,North America,1998,192202600,70.205,1033105
888,North America,1999,195137800,73.541,1055082
889,North America,2000,197972100,75.518,1088302
890,North America,2001,200807200,77.57300000000001,1101719
891,North America,2002,203821200,79.405,1113648
892,North America,2003,206106100,83.366,1161842
893,North America,2004,209392900,83.363,1160829
894,North America,2005,211586900,86.58,1183607
895,North America,2006,214983900,90.41300000000001,1199179
896,North America,2007,217360000,92.911,1230634
897,North America,2008,220697300,93.464,1224269
898,North America,2009,223113500,89.775,1173100
899,North America,2010,226389700,93.87200000000001,1184053
900,North America,2011,228674700,91.584,1212077
901,North America,2012,232058700,89.672,1227052
902,North America,2013,234603500,93.399,1231341
903,North America,2014,237835200,89.426,1222408
904,North America,2015,240169900,89.186,1228515
905,North America,2016,243502600,86.406,1220123
906,North America,2017,246025100,85.852,1233176
907,North America,2018,248437600,85.622,1219712
908,South America,1884,3100000,0.00117,4
909,South America,1885,3140000,0.00116,4
910,South America,1886,3180000,0.00229,7
911,South America,1887,6280000,0.35625999999999997,1097
912,South America,1888,6420000,0.28423,898
913,South America,1889,6560000,0.5402,1767
914,South America,1890,6710000,0.41026999999999997,1381
915,South America,1891,6850000,0.28400000000000003,987
916,South America,1892,6990000,0.4052,1456
917,South America,1893,7140000,0.43279999999999996,1598
918,South America,1894,7300000,0.5315,2030
919,South America,1895,10390000,0.7614999999999998,2834
920,South America,1896,10600000,0.7544,2885
921,South America,1897,10800000,0.7152,2758
922,South America,1898,11020000,0.8043,3179
923,South America,1899,11240000,0.8942,3715
924,South America,1900,11490000,0.7795000000000001,3167
925,South America,1901,30250000,1.1848,6398
926,South America,1902,30910000,1.3282,7389
927,South America,1903,31590000,1.3936000000000002,7673
928,South America,1904,35110000,1.5022,8673
929,South America,1905,32980000,1.5577,9222
930,South America,1906,33670000,2.056,12339
931,South America,1907,34500000,2.03,12689
932,South America,1908,38180000,2.38624,14894
933,South America,1909,36050000,2.109,13410
934,South America,1910,36860000,2.617,17250
935,South America,1911,37570000,2.851,19180
936,South America,1912,38350000,2.85,20020
937,South America,1913,42240000,2.90875,21185
938,South America,1914,43050000,2.4394299999999998,17209
939,South America,1915,43980000,2.2734,15111
940,South America,1916,44800000,2.1695,13631
941,South America,1917,47470000,1.8881000000000001,10877
942,South America,1918,48410000,1.9015,11002
943,South America,1919,49290000,2.0279,12909
944,South America,1920,50290000,2.0021,14656
945,South America,1921,57740000,2.10648,14436
946,South America,1922,58820000,2.2811,17174
947,South America,1923,60060000,2.5425999999999997,19775
948,South America,1924,61290000,3.1102,24387
949,South America,1925,62630000,3.3867,26359
950,South America,1926,63910000,3.5213,27439
951,South America,1927,65160000,3.713,30130
952,South America,1928,69130000,4.09642,31497
953,South America,1929,70450000,4.54321,34412
954,South America,1930,71860000,3.51687,29142
955,South America,1931,73280000,3.02785,25603
956,South America,1932,76390000,3.94806,28974
957,South America,1933,77730000,4.3844,32891
958,South America,1934,79320000,5.2168,37334
959,South America,1935,80670000,5.6814,41126
960,South America,1936,82170000,5.0325,39625
961,South America,1937,83640000,7.0144,50183
962,South America,1938,85230000,6.0184,46353
963,South America,1939,86770000,5.9734,47112
964,South America,1940,88630000,6.9917,50832
965,South America,1941,90440000,7.2143,50874
966,South America,1942,92500000,6.5244,48259
967,South America,1943,94590000,6.247,48593
968,South America,1944,96820000,7.3121,53924
969,South America,1945,99000000,7.1361,54239
970,South America,1946,101400000,20.1485,118854
971,South America,1947,103710000,7.8507,62126
972,South America,1948,106130000,8.9529,69602
973,South America,1949,108710000,9.2493,70877
974,South America,1950,113544000,14.7513,112751
975,South America,1951,116659000,16.7045,131405
976,South America,1952,119777000,17.6462,141606
977,South America,1953,123036000,17.336100000000002,140774
978,South America,1954,126438000,17.986,151155
979,South America,1955,129950000,19.342,170301
980,South America,1956,133485000,20.194,184349
981,South America,1957,137369000,20.696,193072
982,South America,1958,141177000,17.647,178916
983,South America,1959,145103000,19.439000000000004,197075
984,South America,1960,149190000,18.698,199347
985,South America,1961,153357000,18.056,201979
986,South America,1962,157563000,18.569,215805
987,South America,1963,161880000,18.596,219689
988,South America,1964,166196000,19.169,230367
989,South America,1965,170731000,21.006999999999998,240536
990,South America,1966,175065000,21.708000000000002,252303
991,South America,1967,179489000,23.1,267598
992,South America,1968,184001000,23.718,287850
993,South America,1969,188444000,24.854,311441
994,South America,1970,192965000,26.364,338244
995,South America,1971,197396000,25.894000000000002,346444
996,South America,1972,201780000,26.242,362854
997,South America,1973,206966000,28.023,392768
998,South America,1974,211253000,26.943,416692
999,South America,1975,216458000,27.331,412577
1000,South America,1976,220753000,26.985,419760
1001,South America,1977,226077000,26.919999999999998,434850
1002,South America,1978,231401000,29.253,461560
1003,South America,1979,236021000,29.346,494040
1004,South America,1980,241463000,30.483,508630
1005,South America,1981,246896000,28.982999999999997,489650
1006,South America,1982,252547000,27.482,490230
1007,South America,1983,258107000,25.118,485920
1008,South America,1984,263779000,25.624,491510
1009,South America,1985,269360000,25.311,501270
1010,South America,1986,275151000,25.215,529210
1011,South America,1987,279851000,26.016000000000002,557820
1012,South America,1988,285650000,27.567999999999998,580410
1013,South America,1989,291461000,26.981,579790
1014,South America,1990,297240000,26.250999999999998,583220
1015,South America,1991,302210000,26.355,589270
1016,South America,1992,307885000,26.631,599640
1017,South America,1993,312669000,27.56,634550
1018,South America,1994,318457000,27.48,652670
1019,South America,1995,324236000,28.86,685130
1020,South America,1996,329028000,29.249,716210
1021,South America,1997,334718000,30.177,758750
1022,South America,1998,339289000,31.979,811700
1023,South America,1999,344178000,32.32,828670
1024,South America,2000,349638000,30.358,806880
1025,South America,2001,354007000,30.3,817870
1026,South America,2002,358556000,29.143,828660
1027,South America,2003,363985000,29.17,832570
1028,South America,2004,368121000,28.909,839920
1029,South America,2005,372556000,29.66,880540
1030,South America,2006,376770000,30.392,898340
1031,South America,2007,381015000,30.573999999999998,916010
1032,South America,2008,385158000,33.004,990390
1033,South America,2009,389231000,32.816,973960
1034,South America,2010,392414000,34.564,1060150
1035,South America,2011,396696000,33.301,1062540
1036,South America,2012,400992000,35.576,1125220
1037,South America,2013,405001000,35.085,1165610
1038,South America,2014,408501000,35.308,1198360
1039,South America,2015,412710000,33.905,1172300
1040,South America,2016,416920000,34.2,1135210
1041,South America,2017,421331000,33.47,1126660
1042,South America,2018,424250000,33.41,1114610
